name,main_category,clothing_type,price,original_price,colors,sizes,brand,image_url,product_url,availability,description,site_name,scraped_at
,Men,T-Shirt,"Sale price
Rs 1,850.00",,[],[],,https://coolplanet.lk/cdn/shop/files/Untitled-1_0027_34.jpg?v=1756981466&width=1200,https://coolplanet.lk/products/hustle-casual-oversize-t-shirt-497105333,,,Cool Planet,2025-10-13T06:22:52.186202
,Men,T-Shirt,"Sale price
Rs 2,650.00",,[],[],,https://coolplanet.lk/cdn/shop/files/0127_DSC08603.jpg?v=1756982303&width=1200,https://coolplanet.lk/products/king-street-mens-casual-t-shirt-497107145,,,Cool Planet,2025-10-13T06:22:52.203811
,Men,T-Shirt,"Sale price
Rs 2,550.00",,[],[],,https://coolplanet.lk/cdn/shop/files/0197_DSC08426.jpg?v=1756982660&width=1200,https://coolplanet.lk/products/king-street-mens-casual-t-shirt-497104088,,,Cool Planet,2025-10-13T06:22:52.221879
,Men,T-Shirt,"Sale price
Rs 4,590.00",,[],[],,https://coolplanet.lk/cdn/shop/files/Webcopy_0038_10.jpg?v=1756981331&width=1200,https://coolplanet.lk/products/king-street-moden-mens-casual-polo-t-shirt-497091311,,,Cool Planet,2025-10-13T06:22:52.238957
,Men,T-Shirt,"Sale price
Rs 2,990.00",,[],[],,https://coolplanet.lk/cdn/shop/files/0118_DSC08625.jpg?v=1756982301&width=1200,https://coolplanet.lk/products/king-street-mens-casual-t-shirt-497101994,,,Cool Planet,2025-10-13T06:22:52.255691
,Men,T-Shirt,"Sale price
Rs 2,150.00",,[],[],,https://coolplanet.lk/cdn/shop/files/0011_DSC08812.jpg?v=1756982452&width=1200,https://coolplanet.lk/products/king-street-mens-casual-t-shirt-497102378,,,Cool Planet,2025-10-13T06:22:52.273155
,Men,T-Shirt,"Sale price
Rs 4,550.00",,[],[],,https://coolplanet.lk/cdn/shop/files/Untitled-1_0032_DSC05726.jpg?v=1756983681&width=836,https://coolplanet.lk/products/king-street-mens-casual-polo-t-shirt-497105840,,,Cool Planet,2025-10-13T06:22:52.291868
,Men,T-Shirt,"Sale price
Rs 2,750.00",,[],[],,https://coolplanet.lk/cdn/shop/files/0044_DSC05240.jpg?v=1756983225&width=1200,https://coolplanet.lk/products/hustle-backprint-relax-fit-casual-t-shirt-497109994,,,Cool Planet,2025-10-13T06:22:52.309261
,Men,T-Shirt,"Sale price
Rs 3,190.00",,[],[],,https://coolplanet.lk/cdn/shop/files/0074_DSC08712.jpg?v=1756982448&width=1200,https://coolplanet.lk/products/king-street-mens-casual-t-shirt-497090148,,,Cool Planet,2025-10-13T06:22:52.326435
,Men,T-Shirt,"Sale price
Rs 2,750.00",,[],[],,https://coolplanet.lk/cdn/shop/files/0024_DSC05331.jpg?v=1756983197&width=1200,https://coolplanet.lk/products/hustle-backprint-relax-fit-casual-t-shirt-497110014,,,Cool Planet,2025-10-13T06:22:52.345597
,Men,T-Shirt,"Sale price
Rs 4,590.00",,[],[],,https://coolplanet.lk/cdn/shop/files/set2_0061_DSC06065_55be1242-99a8-46af-a650-6032578b454d.jpg?v=1756983582&width=836,https://coolplanet.lk/products/king-street-timeless-mens-casual-polo-t-shirt-497093357,,,Cool Planet,2025-10-13T06:22:52.364826
,Men,T-Shirt,"Sale price
Rs 2,450.00",,[],[],,https://coolplanet.lk/cdn/shop/files/0002_DSC07699.jpg?v=1756982760&width=1200,https://coolplanet.lk/products/hustle-backprint-relax-fit-casual-t-shirt-497111020,,,Cool Planet,2025-10-13T06:22:52.381949
,Men,T-Shirt,"Sale price
Rs 2,850.00",,[],[],,https://coolplanet.lk/cdn/shop/files/0191_DSC08441.jpg?v=1756982310&width=1200,https://coolplanet.lk/products/king-street-mens-casual-t-shirt-497108452,,,Cool Planet,2025-10-13T06:22:52.400598
,Men,T-Shirt,"Sale price
Rs 2,750.00",,[],[],,https://coolplanet.lk/cdn/shop/files/24_fc1409de-3a92-4a63-8af3-6bc6359573b3.jpg?v=1756980149&width=2377,https://coolplanet.lk/products/hustle-jersey-vibes-mens-relax-fit-printed-t-shirt-497116543,,,Cool Planet,2025-10-13T06:22:52.418938
,Men,T-Shirt,"Sale price
Rs 4,590.00",,[],[],,https://coolplanet.lk/cdn/shop/files/0177_DSC08481.jpg?v=1756982307&width=1200,https://coolplanet.lk/products/king-street-mens-casual-t-shirt-497093126,,,Cool Planet,2025-10-13T06:22:52.437484
,Men,T-Shirt,"Sale price
Rs 4,590.00",,[],[],,https://coolplanet.lk/cdn/shop/files/Untitled-1_0078_DSC05511_1534425f-c5f3-4501-90a2-e7b4dd529c48.jpg?v=1756983684&width=836,https://coolplanet.lk/products/king-street-mens-casual-polo-t-shirt-497093342,,,Cool Planet,2025-10-13T06:22:52.458522
,Men,T-Shirt,"Sale price
Rs 2,550.00",,[],[],,https://coolplanet.lk/cdn/shop/files/0115_DSC08632.jpg?v=1756982663&width=1200,https://coolplanet.lk/products/king-street-mens-casual-t-shirt-497104103,,,Cool Planet,2025-10-13T06:22:52.477483
,Men,T-Shirt,"Sale price
Rs 2,650.00",,[],[],,https://coolplanet.lk/cdn/shop/files/37_f78f4be7-2935-4500-a204-b1192e54e17f.jpg?v=1756980290&width=2377,https://coolplanet.lk/products/hustle-mens-casual-t-shirt-497117350,,,Cool Planet,2025-10-13T06:22:52.497818
,Men,T-Shirt,"Sale price
Rs 2,450.00",,[],[],,https://coolplanet.lk/cdn/shop/files/0009_DSC07504.jpg?v=1756982494&width=1200,https://coolplanet.lk/products/hustle-backprint-relax-fit-casual-t-shirt-497111032,,,Cool Planet,2025-10-13T06:22:52.516130
,Men,T-Shirt,"Sale price
Rs 2,690.00",,[],[],,https://coolplanet.lk/cdn/shop/files/0083_DSC08698.jpg?v=1756982298&width=1200,https://coolplanet.lk/products/king-street-mens-casual-t-shirt-497110445,,,Cool Planet,2025-10-13T06:22:52.534299
,Men,T-Shirt,"Sale price
Rs 2,850.00",,[],[],,https://coolplanet.lk/cdn/shop/files/0003_DSC07682.jpg?v=1756982055&width=1200,https://coolplanet.lk/products/hustle-backprint-relax-fit-casual-t-shirt-497111463,,,Cool Planet,2025-10-13T06:22:52.550244
,Men,T-Shirt,"Sale price
Rs 2,350.00",,[],[],,https://coolplanet.lk/cdn/shop/files/0200_DSC08417.jpg?v=1756982312&width=1200,https://coolplanet.lk/products/king-street-mens-casual-t-shirt-497104131,,,Cool Planet,2025-10-13T06:22:52.600041
,Men,T-Shirt,"Sale price
Rs 1,950.00",,[],[],,https://coolplanet.lk/cdn/shop/files/23_0693a6bf-5ae7-4573-b83a-33e73e5eb137.jpg?v=1756980297&width=2377,https://coolplanet.lk/products/hustle-mens-casual-t-shirt-497118234,,,Cool Planet,2025-10-13T06:22:52.621437
,Men,T-Shirt,"Sale price
Rs 2,250.00",,[],[],,https://coolplanet.lk/cdn/shop/files/0209_DSC08396.jpg?v=1756982329&width=1200,https://coolplanet.lk/products/king-street-mens-casual-t-shirt-497107110,,,Cool Planet,2025-10-13T06:22:52.640228
,Men,T-Shirt,"Sale price
Rs 2,450.00",,[],[],,https://coolplanet.lk/cdn/shop/files/0010_DSC07486.jpg?v=1756982763&width=1200,https://coolplanet.lk/products/hustle-backprint-relax-fit-casual-t-shirt-497111016,,,Cool Planet,2025-10-13T06:23:00.096911
,Men,T-Shirt,"Sale price
Rs 3,450.00",,[],[],,https://coolplanet.lk/cdn/shop/files/Untitled-1_0085_DSC05485.jpg?v=1756983687&width=836,https://coolplanet.lk/products/king-street-mens-casual-t-shirt-497105792,,,Cool Planet,2025-10-13T06:23:00.119428
,Men,T-Shirt,"Sale price
Rs 2,850.00",,[],[],,https://coolplanet.lk/cdn/shop/files/1_7b69e4e0-674c-4731-8ba0-d86c8cbd28e4.jpg?v=1756980856&width=1200,https://coolplanet.lk/products/hustle-regular-fit-casual-oversize-t-shirt-427005915,,,Cool Planet,2025-10-13T06:23:00.139109
,Men,T-Shirt,"Sale price
Rs 4,590.00",,[],[],,https://coolplanet.lk/cdn/shop/files/164.png?v=1758271090&width=2377,https://coolplanet.lk/products/kings-street-men-s-polo-t-shirt-497122107,,,Cool Planet,2025-10-13T06:23:00.161540
,Men,T-Shirt,"Sale price
Rs 3,990.00",,[],[],,https://coolplanet.lk/cdn/shop/files/172.png?v=1758280861&width=2377,https://coolplanet.lk/products/kingstreet-polo-t-shirt-6-497123977,,,Cool Planet,2025-10-13T06:23:00.182760
,Men,T-Shirt,"Sale price
Rs 3,990.00",,[],[],,https://coolplanet.lk/cdn/shop/files/117.png?v=1758279164&width=2377,https://coolplanet.lk/products/kingstreet-polo-t-shirt-22-497123987,,,Cool Planet,2025-10-13T06:23:00.202896
,Men,T-Shirt,"Sale price
Rs 2,450.00",,[],[],,https://coolplanet.lk/cdn/shop/files/58_774279eb-7bb3-4fc6-8b2d-9c0336138c22.jpg?v=1756980101&width=2377,https://coolplanet.lk/products/hustle-jersey-vibes-mens-everyday-graphic-t-shirt-497117420,,,Cool Planet,2025-10-13T06:23:00.221656
,Men,T-Shirt,"Sale price
Rs 2,650.00",,[],[],,https://coolplanet.lk/cdn/shop/files/9_18d05d10-133b-4aee-85da-485c83b18c3b.jpg?v=1756980304&width=2377,https://coolplanet.lk/products/hustle-mens-casual-t-shirt-497117689,,,Cool Planet,2025-10-13T06:23:00.255746
,Men,T-Shirt,"Sale price
Rs 2,750.00",,[],[],,https://coolplanet.lk/cdn/shop/files/1_ccfa85da-9ff0-4d9d-b51b-48693275a3e2.jpg?v=1756980306&width=2377,https://coolplanet.lk/products/mens-casual-t-shirt-497117405,,,Cool Planet,2025-10-13T06:23:00.304591
,Men,T-Shirt,"Sale price
Rs 3,190.00",,[],[],,https://coolplanet.lk/cdn/shop/files/0194_DSC08433.jpg?v=1756982666&width=1200,https://coolplanet.lk/products/king-street-mens-casual-t-shirt-497092123,,,Cool Planet,2025-10-13T06:23:00.326381
,Men,T-Shirt,"Sale price
Rs 2,850.00",,[],[],,https://coolplanet.lk/cdn/shop/files/Untitled-1_0045_DSC05658.jpg?v=1756983740&width=836,https://coolplanet.lk/products/king-street-mens-casual-t-shirt-497103430,,,Cool Planet,2025-10-13T06:23:00.345134
,Men,T-Shirt,"Sale price
Rs 3,990.00",,[],[],,https://coolplanet.lk/cdn/shop/files/161.png?v=1758281365&width=2377,https://coolplanet.lk/products/kingstreet-polo-t-shirt-5-420111829,,,Cool Planet,2025-10-13T06:23:00.363805
,Men,T-Shirt,"Sale price
Rs 3,450.00",,[],[],,https://coolplanet.lk/cdn/shop/files/set2_0020_DSC06259.jpg?v=1756983692&width=836,https://coolplanet.lk/products/king-street-mens-casual-t-shirt-497105808,,,Cool Planet,2025-10-13T06:23:00.383016
,Men,T-Shirt,"Sale price
Rs 4,590.00",,[],[],,https://coolplanet.lk/cdn/shop/files/1_1ba623b1-6360-43f6-8d78-51de20ba94c5.jpg?v=1756981299&width=1200,https://coolplanet.lk/products/king-street-moden-mens-casual-polo-t-shirt-497093121,,,Cool Planet,2025-10-13T06:23:00.403698
,Men,T-Shirt,"Sale price
Rs 3,150.00",,[],[],,https://coolplanet.lk/cdn/shop/files/0001_DSC08835copy.jpg?v=1756982305&width=1200,https://coolplanet.lk/products/king-street-mens-casual-t-shirt-497106704,,,Cool Planet,2025-10-13T06:23:00.421582
,Men,T-Shirt,"Sale price
Rs 2,550.00",,[],[],,https://coolplanet.lk/cdn/shop/files/0203_DSC08410.jpg?v=1756982664&width=1200,https://coolplanet.lk/products/king-street-mens-casual-t-shirt-497104098,,,Cool Planet,2025-10-13T06:23:00.439438
,Men,T-Shirt,"Sale price
Rs 3,190.00",,[],[],,https://coolplanet.lk/cdn/shop/files/0103_DSC08662.jpg?v=1756982665&width=1200,https://coolplanet.lk/products/king-street-mens-casual-t-shirt-copy,,,Cool Planet,2025-10-13T06:23:00.456878
,Men,T-Shirt,"Sale price
Rs 2,450.00",,[],[],,https://coolplanet.lk/cdn/shop/files/30_3123ca93-8275-4e4d-bb6f-072806417bfc.jpg?v=1756980295&width=2377,https://coolplanet.lk/products/hustle-mens-casual-t-shirt-497117420,,,Cool Planet,2025-10-13T06:23:00.474329
,Men,T-Shirt,"Sale price
Rs 2,450.00",,[],[],,https://coolplanet.lk/cdn/shop/files/Untitled-1_0034_28.jpg?v=1756980831&width=1200,https://coolplanet.lk/products/hustle-backprint-relax-fit-casual-t-shirt-497111397,,,Cool Planet,2025-10-13T06:23:00.493123
,Men,T-Shirt,"Sale price
From Rs 2,250.00",,[],[],,https://coolplanet.lk/cdn/shop/files/Untitled-1_0053_8.jpg?v=1756981464&width=1200,https://coolplanet.lk/products/hustle-casual-oversize-t-shirt-497109618,,,Cool Planet,2025-10-13T06:23:00.513301
,Men,T-Shirt,"Sale price
Rs 2,150.00",,[],[],,https://coolplanet.lk/cdn/shop/files/0020_DSC08799.jpg?v=1756982753&width=1200,https://coolplanet.lk/products/king-street-mens-casual-t-shirt-497102383,,,Cool Planet,2025-10-13T06:23:00.531480
,Men,T-Shirt,"Sale price
Rs 3,190.00",,[],[],,https://coolplanet.lk/cdn/shop/files/0036_DSC08776.jpg?v=1756982670&width=1200,https://coolplanet.lk/products/king-street-mens-casual-t-shirt-497105259,,,Cool Planet,2025-10-13T06:23:00.549346
,Men,T-Shirt,"Sale price
Rs 3,450.00",,[],[],,https://coolplanet.lk/cdn/shop/files/set2_0002_DSC06332.jpg?v=1756983747&width=836,https://coolplanet.lk/products/king-street-mens-casual-t-shirt-497105804,,,Cool Planet,2025-10-13T06:23:00.567301
,Men,T-Shirt,"Sale price
Rs 4,590.00",,[],[],,https://coolplanet.lk/cdn/shop/files/Untitled-1_0096_DSC05434_4984e5c4-b3c6-426c-aae9-c639c20a0bba.jpg?v=1756983686&width=836,https://coolplanet.lk/products/king-street-mens-casual-polo-t-shirt-497093332,,,Cool Planet,2025-10-13T06:23:00.586160
,Men,T-Shirt,"Sale price
Rs 4,550.00",,[],[],,https://coolplanet.lk/cdn/shop/files/Untitled-1_0145_DSC05236.jpg?v=1756983698&width=836,https://coolplanet.lk/products/king-street-mens-casual-polo-t-shirt-497105860,,,Cool Planet,2025-10-13T06:23:08.019983
,Men,T-Shirt,"Sale price
Rs 4,590.00",,[],[],,https://coolplanet.lk/cdn/shop/files/set2_0023_DSC06246.jpg?v=1756983584&width=836,https://coolplanet.lk/products/king-street-timeless-mens-casual-polo-t-shirt-497105274,,,Cool Planet,2025-10-13T06:23:08.044434
,Men,T-Shirt,"Sale price
Rs 2,550.00",,[],[],,https://coolplanet.lk/cdn/shop/files/0161_DSC08519.jpg?v=1756982662&width=1200,https://coolplanet.lk/products/king-street-mens-casual-t-shirt-497104093,,,Cool Planet,2025-10-13T06:23:08.066949
,Men,T-Shirt,"Sale price
Rs 3,190.00",,[],[],,https://coolplanet.lk/cdn/shop/files/0215_Layer0.jpg?v=1756982669&width=1200,https://coolplanet.lk/products/king-street-mens-casual-t-shirt-497105254,,,Cool Planet,2025-10-13T06:23:08.090308
,Men,T-Shirt,"Sale price
Rs 4,590.00",,[],[],,https://coolplanet.lk/cdn/shop/files/Untitled-1_0067_DSC05559_a48f09f6-8acc-4a8a-895e-4e430f7b32ed.jpg?v=1756983683&width=836,https://coolplanet.lk/products/king-street-mens-casual-polo-t-shirt-497093352,,,Cool Planet,2025-10-13T06:23:08.109772
,Men,T-Shirt,"Sale price
Rs 4,590.00",,[],[],,https://coolplanet.lk/cdn/shop/files/Untitled-1_0071_DSC05545_c5059690-964d-4c0c-a605-f7c697fa2779.jpg?v=1756983743&width=836,https://coolplanet.lk/products/king-street-mens-casual-polo-t-shirt-497093362,,,Cool Planet,2025-10-13T06:23:08.127304
,Men,T-Shirt,"Sale price
Rs 4,590.00",,[],[],,https://coolplanet.lk/cdn/shop/files/set2_0030_DSC06206.jpg?v=1756983744&width=836,https://coolplanet.lk/products/king-street-mens-casual-polo-t-shirt-497105269,,,Cool Planet,2025-10-13T06:23:08.144593
,Men,T-Shirt,"Sale price
Rs 4,550.00",,[],[],,https://coolplanet.lk/cdn/shop/files/ModanoladiesCasualwear_57.jpg?v=1756984059&width=1200,https://coolplanet.lk/products/king-street-mens-casual-polo-t-shirt-497105824,,,Cool Planet,2025-10-13T06:23:08.166315
,Men,T-Shirt,"Sale price
Rs 4,590.00",,[],[],,https://coolplanet.lk/cdn/shop/files/178.png?v=1758272873&width=2377,https://coolplanet.lk/products/kings-street-men-s-polo-t-shirt-497121792,,,Cool Planet,2025-10-13T06:23:08.185875
,Men,T-Shirt,"Sale price
Rs 3,990.00",,[],[],,https://coolplanet.lk/cdn/shop/files/12_7e0bb402-e519-48b4-a019-0ce45da088d5.png?v=1758344892&width=2377,https://coolplanet.lk/products/kingstreet-polo-t-shirt-42-497123937,,,Cool Planet,2025-10-13T06:23:08.208135
,Men,T-Shirt,"Sale price
Rs 4,590.00",,[],[],,https://coolplanet.lk/cdn/shop/files/Webcopy_0047_1.jpg?v=1756981293&width=1200,https://coolplanet.lk/products/king-street-moden-mens-casual-polo-t-shirt-497112541,,,Cool Planet,2025-10-13T06:23:08.227030
,Men,T-Shirt,"Sale price
Rs 4,550.00",,[],[],,https://coolplanet.lk/cdn/shop/files/set2_0033_DSC06189.jpg?v=1756983579&width=836,https://coolplanet.lk/products/king-street-timeless-mens-casual-polo-t-shirt-497105784,,,Cool Planet,2025-10-13T06:23:08.248506
,Men,T-Shirt,"Sale price
Rs 4,590.00",,[],[],,https://coolplanet.lk/cdn/shop/files/Webcopy_0027_21.jpg?v=1756981309&width=1200,https://coolplanet.lk/products/king-street-moden-mens-casual-polo-t-shirt-497112471,,,Cool Planet,2025-10-13T06:23:08.267378
,Men,T-Shirt,"Sale price
Rs 3,990.00",,[],[],,https://coolplanet.lk/cdn/shop/files/0031_DSC01095.jpg?v=1757932969&width=2377,https://coolplanet.lk/products/kingstreet-polo-t-shirt-7-497124472,,,Cool Planet,2025-10-13T06:23:08.287289
,Men,T-Shirt,"Sale price
Rs 3,990.00",,[],[],,https://coolplanet.lk/cdn/shop/files/22_1cbe1841-125c-4dd8-924c-9c22875325c9.png?v=1758278882&width=2377,https://coolplanet.lk/products/kingstreet-polo-t-shirt-26-497123947,,,Cool Planet,2025-10-13T06:23:08.305780
,Men,T-Shirt,"Sale price
Rs 4,590.00",,[],[],,https://coolplanet.lk/cdn/shop/files/Webcopy_0009_39.jpg?v=1756981296&width=1200,https://coolplanet.lk/products/king-street-moden-mens-casual-polo-t-shirt-497112501,,,Cool Planet,2025-10-13T06:23:08.324209
,Men,T-Shirt,"Sale price
Rs 3,190.00",,[],[],,https://coolplanet.lk/cdn/shop/files/0212_DSC08389.jpg?v=1756982667&width=1200,https://coolplanet.lk/products/king-street-mens-casual-t-shirt-497092118,,,Cool Planet,2025-10-13T06:23:08.341602
,Men,T-Shirt,"Sale price
Rs 3,190.00",,[],[],,https://coolplanet.lk/cdn/shop/files/0026_DSC08788.jpg?v=1756982445&width=1200,https://coolplanet.lk/products/king-street-mens-casual-t-shirt-497090163,,,Cool Planet,2025-10-13T06:23:08.359449
,Men,T-Shirt,"Sale price
Rs 4,550.00",,[],[],,https://coolplanet.lk/cdn/shop/files/set2_0046_DSC06129.jpg?v=1756983748&width=836,https://coolplanet.lk/products/king-street-mens-casual-polo-t-shirt-497105868,,,Cool Planet,2025-10-13T06:23:08.377355
,Men,T-Shirt,"Sale price
Rs 4,590.00",,[],[],,https://coolplanet.lk/cdn/shop/files/set2_0014_DSC06287.jpg?v=1756983585&width=836,https://coolplanet.lk/products/king-street-timeless-mens-casual-polo-t-shirt-497105264,,,Cool Planet,2025-10-13T06:23:08.395999
,Men,T-Shirt,"Sale price
Rs 4,590.00",,[],[],,https://coolplanet.lk/cdn/shop/files/66.png?v=1758276837&width=2377,https://coolplanet.lk/products/kings-street-men-s-polo-t-shirt-497121767,,,Cool Planet,2025-10-13T06:23:08.414733
,Men,T-Shirt,"Sale price
Rs 4,550.00",,[],[],,https://coolplanet.lk/cdn/shop/files/Untitled-1_0035_DSC05713.jpg?v=1756983741&width=836,https://coolplanet.lk/products/king-street-mens-casual-polo-t-shirt-497105848,,,Cool Planet,2025-10-13T06:23:08.432299
,Men,T-Shirt,"Sale price
Rs 2,750.00",,[],[],,https://coolplanet.lk/cdn/shop/files/47_6a0caba3-0a91-412f-8a27-d77233549f56.jpg?v=1756980124&width=2377,https://coolplanet.lk/products/hustle-jersey-vibes-mens-relax-fit-printed-t-shirt-497116697,,,Cool Planet,2025-10-13T06:23:08.451763
,Men,T-Shirt,"Sale price
Rs 3,190.00",,[],[],,https://coolplanet.lk/cdn/shop/files/0023_DSC08793.jpg?v=1756982450&width=1200,https://coolplanet.lk/products/king-street-mens-casual-t-shirt-497090143,,,Cool Planet,2025-10-13T06:23:08.470161
,Men,T-Shirt,"Sale price
Rs 3,250.00",,[],[],,https://coolplanet.lk/cdn/shop/files/0121_DSC08618.jpg?v=1756982754&width=1200,https://coolplanet.lk/products/king-street-mens-casual-t-shirt-497102989,,,Cool Planet,2025-10-13T06:23:15.844712
,Men,T-Shirt,"Sale price
Rs 3,190.00",,[],[],,https://coolplanet.lk/cdn/shop/files/0071_DSC08716.jpg?v=1756982757&width=1200,https://coolplanet.lk/products/king-street-mens-casual-t-shirt-497092128,,,Cool Planet,2025-10-13T06:23:15.864302
,Men,T-Shirt,"Sale price
Rs 3,450.00",,[],[],,https://coolplanet.lk/cdn/shop/files/set2_0058_DSC06079.jpg?v=1756983691&width=836,https://coolplanet.lk/products/king-street-mens-casual-t-shirt-497105816,,,Cool Planet,2025-10-13T06:23:15.882954
,Men,T-Shirt,"Sale price
Rs 3,190.00",,[],[],,https://coolplanet.lk/cdn/shop/files/0140_DSC08576.jpg?v=1756982759&width=1200,https://coolplanet.lk/products/king-street-mens-casual-t-shirt-497105249,,,Cool Planet,2025-10-13T06:23:15.907632
,Men,T-Shirt,"Sale price
Rs 4,590.00",,[],[],,https://coolplanet.lk/cdn/shop/files/Untitled-1_0064_DSC05575.jpg?v=1756983583&width=836,https://coolplanet.lk/products/king-street-timeless-mens-casual-polo-t-shirt-497093347,,,Cool Planet,2025-10-13T06:23:15.934555
,Men,T-Shirt,"Sale price
Rs 3,990.00",,[],[],,https://coolplanet.lk/cdn/shop/files/0119_DSC00989-Copy.jpg?v=1757934357&width=2377,https://coolplanet.lk/products/kingstreet-polo-t-shirt-27-497124437,,,Cool Planet,2025-10-13T06:23:15.953499
,Men,T-Shirt,"Sale price
Rs 3,190.00",,[],[],,https://coolplanet.lk/cdn/shop/files/0004_DSC08829.jpg?v=1756982447&width=1200,https://coolplanet.lk/products/king-street-mens-casual-t-shirt-497090153,,,Cool Planet,2025-10-13T06:23:15.971874
,Men,T-Shirt,"Sale price
Rs 3,190.00",,[],[],,https://coolplanet.lk/cdn/shop/files/0106_DSC08656.jpg?v=1756982449&width=1200,https://coolplanet.lk/products/king-street-mens-casual-t-shirt-497090173,,,Cool Planet,2025-10-13T06:23:15.989099
,Men,T-Shirt,"Sale price
Rs 2,990.00",,[],[],,https://coolplanet.lk/cdn/shop/files/0051_DSC08752.jpg?v=1756982750&width=1200,https://coolplanet.lk/products/king-street-mens-casual-t-shirt-497103030,,,Cool Planet,2025-10-13T06:23:16.010667
,Men,T-Shirt,"Sale price
Rs 2,850.00",,[],[],,https://coolplanet.lk/cdn/shop/files/0137_DSC08582.jpg?v=1756982756&width=1200,https://coolplanet.lk/products/king-street-mens-casual-t-shirt-497102837,,,Cool Planet,2025-10-13T06:23:16.028730
,Men,T-Shirt,"Sale price
Rs 3,450.00",,[],[],,https://coolplanet.lk/cdn/shop/files/set2_0089_DSC05951.jpg?v=1756983688&width=836,https://coolplanet.lk/products/king-street-mens-casual-t-shirt-497105796,,,Cool Planet,2025-10-13T06:23:16.047163
,Men,Shirt,"Sale price
Rs 4,250.00",,[],[],,https://coolplanet.lk/cdn/shop/files/Untitled-1_0121_DSC05330.jpg?v=1756984997&width=1200,https://coolplanet.lk/products/king-street-mens-long-sleeve-casual-shirt-420084393,,,Cool Planet,2025-10-13T06:23:23.442564
,Men,Shirt,"Sale price
Rs 4,250.00",,[],[],,https://coolplanet.lk/cdn/shop/files/DSC03108_4cc6beac-1e9e-4949-a387-9d616244c33c.jpg?v=1756984991&width=1200,https://coolplanet.lk/products/king-street-mens-long-sleeve-casual-shirt-420091686,,,Cool Planet,2025-10-13T06:23:23.461273
,Men,Shirt,"Sale price
Rs 3,990.00",,[],[],,https://coolplanet.lk/cdn/shop/files/Untitled-1_0138_DSC05276.jpg?v=1756983694&width=836,https://coolplanet.lk/products/king-street-premium-mens-short-sleeve-casual-shirt-420094081,,,Cool Planet,2025-10-13T06:23:23.479657
,Men,Shirt,"Sale price
Rs 3,990.00",,[],[],,https://coolplanet.lk/cdn/shop/files/Untitled-1_0131_DSC05296.jpg?v=1756983736&width=1200,https://coolplanet.lk/products/king-street-mens-casual-shirt-420094086,,,Cool Planet,2025-10-13T06:23:23.498958
,Men,Shirt,"Sale price
Rs 3,990.00",,[],[],,https://coolplanet.lk/cdn/shop/files/DSC02905.jpg?v=1756985003&width=1200,https://coolplanet.lk/products/king-street-mens-short-sleeve-casual-shirt-420084470,,,Cool Planet,2025-10-13T06:23:23.516649
,Men,Shirt,"Sale price
Rs 5,290.00",,[],[],,https://coolplanet.lk/cdn/shop/files/DSC02953.jpg?v=1756984989&width=1200,https://coolplanet.lk/products/king-street-mens-long-sleeve-casual-shirt-420092875,,,Cool Planet,2025-10-13T06:23:23.535286
,Men,Shirt,"Sale price
Rs 4,250.00",,[],[],,https://coolplanet.lk/cdn/shop/files/Untitled-1_0107_DSC05396.jpg?v=1756983589&width=836,https://coolplanet.lk/products/king-street-premium-mens-long-sleeve-casual-shirt-420084445,,,Cool Planet,2025-10-13T06:23:23.553765
,Men,Shirt,"Sale price
Rs 3,990.00",,[],[],,https://coolplanet.lk/cdn/shop/files/Untitled-1_0135_DSC05284.jpg?v=1756983697&width=836,https://coolplanet.lk/products/king-street-premium-mens-short-sleeve-casual-shirt-420084450,,,Cool Planet,2025-10-13T06:23:23.572490
,Men,Shirt,"Sale price
Rs 4,290.00",,[],[],,https://coolplanet.lk/cdn/shop/files/5_93e4c265-6347-4c0f-b5b5-58e83cd7bb49.jpg?v=1756980098&width=2377,https://coolplanet.lk/products/kingstreet-modern-muse-mens-casual-linen-shirt-420108041,,,Cool Planet,2025-10-13T06:23:23.591118
,Men,Shirt,"Sale price
Rs 5,290.00",,[],[],,https://coolplanet.lk/cdn/shop/files/117_02923ddb-14f6-4985-a391-d6a17068aafa.jpg?v=1756980452&width=2377,https://coolplanet.lk/products/king-street-mens-casual-linen-shirt-420106301,,,Cool Planet,2025-10-13T06:23:23.610988
,Men,Shirt,"Sale price
Rs 4,250.00",,[],[],,https://coolplanet.lk/cdn/shop/files/Untitled-1_0104_DSC05410.jpg?v=1756983593&width=836,https://coolplanet.lk/products/king-street-premium-mens-long-sleeve-casual-shirt-420091656,,,Cool Planet,2025-10-13T06:23:23.630484
,Men,Shirt,"Sale price
Rs 4,250.00",,[],[],,https://coolplanet.lk/cdn/shop/files/Untitled-1_0125_DSC05320.jpg?v=1756983735&width=836,https://coolplanet.lk/products/king-street-mens-casual-shirt-420094101,,,Cool Planet,2025-10-13T06:23:23.649495
,Men,Shirt,"Sale price
Rs 3,990.00",,[],[],,https://coolplanet.lk/cdn/shop/files/set2_0067_DSC06039.jpg?v=1756983695&width=836,https://coolplanet.lk/products/king-street-premium-mens-short-sleeve-casual-shirt-420084465,,,Cool Planet,2025-10-13T06:23:23.668655
,Men,Shirt,"Sale price
Rs 3,990.00",,[],[],,https://coolplanet.lk/cdn/shop/files/IMG_1624.jpg?v=1756985405&width=1200,https://coolplanet.lk/products/gen-z-mens-long-sleeve-formal-shirt-420087683,,,Cool Planet,2025-10-13T06:23:23.687724
,Men,Shirt,"Sale price
Rs 4,590.00",,[],[],,https://coolplanet.lk/cdn/shop/files/33_3c0c6749-5d8b-4154-acb8-4b4991150f92.jpg?v=1756980079&width=2377,https://coolplanet.lk/products/kingstreet-modern-muse-mens-casual-linen-shirt-497119772,,,Cool Planet,2025-10-13T06:23:23.708612
,Men,Shirt,"Sale price
Rs 4,690.00",,[],[],,https://coolplanet.lk/cdn/shop/files/22_47d2e2b4-3e33-4658-8947-d45bbb1c6c97.jpg?v=1756980083&width=2377,https://coolplanet.lk/products/kingstreet-modern-muse-mens-casual-linen-shirt-420108310,,,Cool Planet,2025-10-13T06:23:23.728588
,Men,Shirt,"Sale price
Rs 4,690.00",,[],[],,https://coolplanet.lk/cdn/shop/files/11_fcaec688-37e1-4f38-a3b0-350d5870f52a.jpg?v=1756980095&width=2377,https://coolplanet.lk/products/kings-street-men-s-casual-short-sleeve-shirt-420107211,,,Cool Planet,2025-10-13T06:23:23.747140
,Men,Shirt,"Sale price
Rs 4,250.00",,[],[],,https://coolplanet.lk/cdn/shop/files/set2_0027_DSC06216.jpg?v=1756983592&width=836,https://coolplanet.lk/products/king-street-premium-mens-long-sleeve-casual-shirt-420084440,,,Cool Planet,2025-10-13T06:23:23.765450
,Men,Shirt,"Sale price
Rs 4,250.00",,[],[],,https://coolplanet.lk/cdn/shop/files/Untitled-1_0110_DSC05383.jpg?v=1756985009&width=1200,https://coolplanet.lk/products/king-street-mens-long-sleeve-casual-shirt-420084425,,,Cool Planet,2025-10-13T06:23:23.784212
,Men,Shirt,"Sale price
Rs 3,990.00",,[],[],,https://coolplanet.lk/cdn/shop/files/WEB_0065_DSC03807.jpg?v=1756982027&width=1200,https://coolplanet.lk/products/gen-z-mens-long-sleeve-formal-shirt-420100133,,,Cool Planet,2025-10-13T06:23:23.802438
,Men,Shirt,"Sale price
Rs 4,250.00",,[],[],,https://coolplanet.lk/cdn/shop/files/DSC02918.jpg?v=1756985000&width=1200,https://coolplanet.lk/products/king-street-mens-long-sleeve-casual-shirt-420091661,,,Cool Planet,2025-10-13T06:23:23.820906
,Men,Shirt,"Sale price
Rs 3,990.00",,[],[],,https://coolplanet.lk/cdn/shop/files/DSC03007.jpg?v=1756985001&width=1200,https://coolplanet.lk/products/king-street-mens-short-sleeve-casual-shirt-420091666,,,Cool Planet,2025-10-13T06:23:23.837849
,Men,Shirt,"Sale price
Rs 4,250.00",,[],[],,https://coolplanet.lk/cdn/shop/files/DSC03128_3e2e4e2b-3adb-42f3-9d80-0235102be69d.jpg?v=1756984993&width=1200,https://coolplanet.lk/products/king-street-mens-long-sleeve-casual-shirt-420091691,,,Cool Planet,2025-10-13T06:23:23.857022
,Men,Shirt,"Sale price
Rs 4,250.00",,[],[],,https://coolplanet.lk/cdn/shop/files/set2_0070_DSC06026.jpg?v=1756983588&width=836,https://coolplanet.lk/products/king-street-premium-mens-long-sleeve-casual-shirt-420084430,,,Cool Planet,2025-10-13T06:23:23.875059
,Men,Shirt,"Sale price
Rs 5,290.00",,[],[],,https://coolplanet.lk/cdn/shop/files/DSC02927.jpg?v=1756984988&width=1200,https://coolplanet.lk/products/king-street-mens-long-sleeve-casual-shirt-420092890,,,Cool Planet,2025-10-13T06:23:31.506251
,Men,Shirt,"Sale price
Rs 4,590.00",,[],[],,https://coolplanet.lk/cdn/shop/files/set2_0076_DSC06002.jpg?v=1756983678&width=836,https://coolplanet.lk/products/king-street-mens-casual-shirt-420095574,,,Cool Planet,2025-10-13T06:23:31.524087
,Men,Shirt,"Sale price
Rs 4,990.00",,[],[],,https://coolplanet.lk/cdn/shop/files/28_a41b757d-9ba8-496a-bfc1-b50504f4b818.jpg?v=1756980091&width=2377,https://coolplanet.lk/products/kingstreet-modern-muse-mens-casual-linen-shirt-420108135,,,Cool Planet,2025-10-13T06:23:31.543807
,Men,Shirt,"Sale price
Rs 4,690.00",,[],[],,https://coolplanet.lk/cdn/shop/files/52_97ff3649-3049-4a12-90e0-670523815905.jpg?v=1756980093&width=2377,https://coolplanet.lk/products/kingstreet-modern-muse-mens-casual-linen-shirt-420107147,,,Cool Planet,2025-10-13T06:23:31.561163
,Men,Shirt,"Sale price
Rs 3,150.00",,[],[],,https://coolplanet.lk/cdn/shop/files/41_2fca3b35-dc8d-4f70-85fe-0eff2b6f0b16.jpg?v=1756980309&width=2377,https://coolplanet.lk/products/king-street-mens-casual-shirt-420105542,,,Cool Planet,2025-10-13T06:23:31.580040
,Men,Shirt,"Sale price
Rs 3,650.00",,[],[],,https://coolplanet.lk/cdn/shop/files/11_80300553-2ced-4ad3-89b3-ba5c231565c2.jpg?v=1756980336&width=2377,https://coolplanet.lk/products/king-street-mens-casual-printed-shirt-420105725,,,Cool Planet,2025-10-13T06:23:31.599986
,Men,Shirt,"Sale price
Rs 3,650.00",,[],[],,https://coolplanet.lk/cdn/shop/files/72_d1622c1b-4103-46b3-b892-8bfdd38bcf66.jpg?v=1756980339&width=2377,https://coolplanet.lk/products/king-street-mens-casual-printed-shirt-420105585,,,Cool Planet,2025-10-13T06:23:31.619034
,Men,Shirt,"Sale price
Rs 3,650.00",,[],[],,https://coolplanet.lk/cdn/shop/files/92_90339384-4ab2-43c0-aa8a-db893c215425.jpg?v=1756980343&width=2377,https://coolplanet.lk/products/king-street-mens-casual-printed-shirt-420105580,,,Cool Planet,2025-10-13T06:23:31.637578
,Men,Shirt,"Sale price
Rs 4,990.00",,[],[],,https://coolplanet.lk/cdn/shop/files/130_bee7596a-651a-447d-b2d0-969ef12e6b92.jpg?v=1756980454&width=2377,https://coolplanet.lk/products/king-street-mens-casual-linen-shirt-420105826,,,Cool Planet,2025-10-13T06:23:31.657144
,Men,Shirt,"Sale price
Rs 4,950.00",,[],[],,https://coolplanet.lk/cdn/shop/files/Web_0021_80.jpg?v=1756981303&width=1200,https://coolplanet.lk/products/king-street-moden-mens-casual-shirt-420104129,,,Cool Planet,2025-10-13T06:23:31.676681
,Men,Shirt,"Sale price
Rs 4,450.00",,[],[],,https://coolplanet.lk/cdn/shop/files/WEB_0019_DSC04071.jpg?v=1756982022&width=1200,https://coolplanet.lk/products/gen-z-mens-long-sleeve-formal-shirt-420098506,,,Cool Planet,2025-10-13T06:23:31.699125
,Men,Shirt,"Sale price
Rs 4,250.00",,[],[],,https://coolplanet.lk/cdn/shop/files/Untitled-1_0029_DSC05733.jpg?v=1756983591&width=836,https://coolplanet.lk/products/king-street-mens-casual-shirt-420094066,,,Cool Planet,2025-10-13T06:23:31.718518
,Men,Shirt,"Sale price
Rs 3,650.00",,[],[],,https://coolplanet.lk/cdn/shop/files/102_ae60e5ef-c498-41b2-895f-25ad6261f916.jpg?v=1756980354&width=2377,https://coolplanet.lk/products/king-street-mens-casual-printed-shirt-420105720,,,Cool Planet,2025-10-13T06:23:31.736889
,Men,Shirt,"Sale price
Rs 4,690.00",,[],[],,https://coolplanet.lk/cdn/shop/files/Web_0015_86.jpg?v=1756981304&width=1200,https://coolplanet.lk/products/king-street-moden-mens-casual-shirt-420101437,,,Cool Planet,2025-10-13T06:23:31.755811
,Men,Shirt,"Sale price
Rs 3,990.00",,[],[],,https://coolplanet.lk/cdn/shop/files/MensFormalWear_15.jpg?v=1756985404&width=1200,https://coolplanet.lk/products/gen-z-mens-long-sleeve-formal-shirt-420087688,,,Cool Planet,2025-10-13T06:23:31.773820
,Men,Shirt,"Sale price
Rs 4,990.00",,[],[],,https://coolplanet.lk/cdn/shop/files/64_92419b78-4a98-47e9-88ab-8826370d5d8b.jpg?v=1756980088&width=2377,https://coolplanet.lk/products/kingstreet-modern-muse-mens-casual-linen-shirt-420107758,,,Cool Planet,2025-10-13T06:23:31.795177
,Men,Shirt,"Sale price
Rs 3,650.00",,[],[],,https://coolplanet.lk/cdn/shop/files/52_939914fa-63d0-44c4-8d9c-841f90592447.jpg?v=1756980333&width=2377,https://coolplanet.lk/products/king-street-mens-casual-printed-shirt-420105740,,,Cool Planet,2025-10-13T06:23:31.815416
,Men,Shirt,"Sale price
Rs 4,650.00",,[],[],,https://coolplanet.lk/cdn/shop/files/Web_0028_73.jpg?v=1756981301&width=1200,https://coolplanet.lk/products/king-street-moden-mens-casual-shirt-420103588,,,Cool Planet,2025-10-13T06:23:31.833067
,Men,Shirt,"Sale price
Rs 3,650.00",,[],[],,https://coolplanet.lk/cdn/shop/files/87_c3ddcf22-0b63-46db-8ddd-96baf5c5409b.jpg?v=1756980335&width=2377,https://coolplanet.lk/products/king-street-mens-casual-printed-shirt-420105730,,,Cool Planet,2025-10-13T06:23:31.851188
,Men,Shirt,"Sale price
Rs 4,250.00",,[],[],,https://coolplanet.lk/cdn/shop/files/Untitled-1_0014_DSC05852.jpg?v=1756983733&width=836,https://coolplanet.lk/products/king-street-mens-casual-shirt-420094076,,,Cool Planet,2025-10-13T06:23:31.870759
,Men,Shirt,"Sale price
Rs 2,950.00",,[],[],,https://coolplanet.lk/cdn/shop/files/ModanoladiesCasualwear_4.jpg?v=1756984106&width=1200,https://coolplanet.lk/products/hustle-mens-casual-shirt-420095374,,,Cool Planet,2025-10-13T06:23:31.890996
,Men,Shirt,"Sale price
Rs 3,250.00",,[],[],,https://coolplanet.lk/cdn/shop/files/IMG_1621.jpg?v=1756985403&width=1200,https://coolplanet.lk/products/gen-z-mens-long-sleeve-formal-shirt-420085213,,,Cool Planet,2025-10-13T06:23:31.911699
,Men,Shirt,"Sale price
Rs 4,550.00",,[],[],,https://coolplanet.lk/cdn/shop/files/0016_IMG_6801.jpg?v=1756984564&width=1200,https://coolplanet.lk/products/king-street-mens-long-sleeve-stripe-formal-shirt-420090077,,,Cool Planet,2025-10-13T06:23:31.930001
,Men,Shirt,"Sale price
Rs 3,150.00",,[],[],,https://coolplanet.lk/cdn/shop/files/38_da4bc1b6-081b-4038-bd57-0b4c10bbc22e.jpg?v=1756980086&width=2377,https://coolplanet.lk/products/kingstreet-modern-muse-mens-casual-linen-shirt-420104236,,,Cool Planet,2025-10-13T06:23:31.948967
,Men,Shirt,"Sale price
Rs 3,650.00",,[],[],,https://coolplanet.lk/cdn/shop/files/97_5ba2a9b8-2c02-45ae-956d-addfd28a2fed.jpg?v=1756980337&width=2377,https://coolplanet.lk/products/king-street-mens-casual-printed-shirt-420105576,,,Cool Planet,2025-10-13T06:23:39.224745
,Men,Shirt,"Sale price
Rs 3,650.00",,[],[],,https://coolplanet.lk/cdn/shop/files/67_38578320-7550-4aea-8c5e-a31f4ae7ae60.jpg?v=1756980340&width=2377,https://coolplanet.lk/products/king-street-mens-casual-printed-shirt-420105595,,,Cool Planet,2025-10-13T06:23:39.244962
,Men,Shirt,"Sale price
Rs 3,650.00",,[],[],,https://coolplanet.lk/cdn/shop/files/112_a300d434-5134-4052-a786-7e8f70824971.jpg?v=1756980355&width=2377,https://coolplanet.lk/products/king-street-mens-casual-printed-shirt-420105600,,,Cool Planet,2025-10-13T06:23:39.263893
,Men,Shirt,"Sale price
Rs 5,290.00",,[],[],,https://coolplanet.lk/cdn/shop/files/144_5a602615-053d-4584-95fe-137d121f6475.jpg?v=1756980450&width=2377,https://coolplanet.lk/products/king-street-mens-casual-linen-shirt-420105806,,,Cool Planet,2025-10-13T06:23:39.283174
,Men,Shirt,"Sale price
Rs 5,290.00",,[],[],,https://coolplanet.lk/cdn/shop/files/122_7da9dd99-8bbf-4976-b204-72fd318cf394.jpg?v=1756980459&width=2377,https://coolplanet.lk/products/king-street-mens-casual-linen-shirt-420105786,,,Cool Planet,2025-10-13T06:23:39.301883
,Men,Shirt,"Sale price
Rs 4,890.00",,[],[],,https://coolplanet.lk/cdn/shop/files/Web_0046_55.jpg?v=1756981289&width=1200,https://coolplanet.lk/products/king-street-moden-mens-casual-shirt-420102718,,,Cool Planet,2025-10-13T06:23:39.319544
,Men,Shirt,"Sale price
Rs 5,590.00",,[],[],,https://coolplanet.lk/cdn/shop/files/Web_0040_61.jpg?v=1756981291&width=1200,https://coolplanet.lk/products/king-street-moden-mens-casual-shirt-420102693,,,Cool Planet,2025-10-13T06:23:39.337588
,Men,Shirt,"Sale price
Rs 4,690.00",,[],[],,https://coolplanet.lk/cdn/shop/files/Web_0005_96.jpg?v=1756981306&width=1200,https://coolplanet.lk/products/king-street-moden-mens-casual-shirt-420103000,,,Cool Planet,2025-10-13T06:23:39.356892
,Men,Shirt,"Sale price
Rs 4,990.00",,[],[],,https://coolplanet.lk/cdn/shop/files/Web_0014_87.jpg?v=1756981334&width=1200,https://coolplanet.lk/products/king-street-moden-mens-casual-shirt-420102985,,,Cool Planet,2025-10-13T06:23:39.377879
,Men,Shirt,"Sale price
Rs 4,990.00",,[],[],,https://coolplanet.lk/cdn/shop/files/0186_DSC08456.jpg?v=1756982657&width=1200,https://coolplanet.lk/products/king-street-mens-casual-shirt-copy,,,Cool Planet,2025-10-13T06:23:39.399260
,Men,Shirt,"Sale price
Rs 4,990.00",,[],[],,https://coolplanet.lk/cdn/shop/files/0014_DSC08808.jpg?v=1756982659&width=1200,https://coolplanet.lk/products/king-street-mens-casual-shirt-420099628,,,Cool Planet,2025-10-13T06:23:39.419032
,Men,Shirt,"Sale price
Rs 3,650.00",,[],[],,https://coolplanet.lk/cdn/shop/files/31_ddd30f61-9284-4d95-96fe-de3444d61573.jpg?v=1756980342&width=2377,https://coolplanet.lk/products/king-street-mens-casual-printed-shirt-420105590,,,Cool Planet,2025-10-13T06:23:39.440438
,Men,Shirt,"Sale price
Rs 3,650.00",,[],[],,https://coolplanet.lk/cdn/shop/files/26_5c85a96e-32f9-43c4-9395-0133d069e8e0.jpg?v=1756980344&width=2377,https://coolplanet.lk/products/king-street-mens-casual-printed-shirt-420104782,,,Cool Planet,2025-10-13T06:23:39.463041
,Men,Shirt,"Sale price
Rs 3,650.00",,[],[],,https://coolplanet.lk/cdn/shop/files/47_df07d6c8-19e7-4d4b-a1cd-4ff413645ce0.jpg?v=1756980346&width=2377,https://coolplanet.lk/products/king-street-mens-casual-printed-shirt-420104777,,,Cool Planet,2025-10-13T06:23:39.485895
,Men,Shirt,"Sale price
Rs 3,650.00",,[],[],,https://coolplanet.lk/cdn/shop/files/1_9634f024-f0cd-4653-bae5-acc986a7a9ff.jpg?v=1756980347&width=2377,https://coolplanet.lk/products/king-street-mens-casual-printed-shirt-420104797,,,Cool Planet,2025-10-13T06:23:39.506480
,Men,Shirt,"Sale price
Rs 3,650.00",,[],[],,https://coolplanet.lk/cdn/shop/files/6_0b840f9d-92ec-4fe4-9c8e-eb4e4709dbc0.jpg?v=1756980348&width=2377,https://coolplanet.lk/products/king-street-mens-casual-printed-shirt-420104807,,,Cool Planet,2025-10-13T06:23:39.526880
,Men,Shirt,"Sale price
Rs 3,650.00",,[],[],,https://coolplanet.lk/cdn/shop/files/36_4c0763bd-39cf-4d72-87f8-ef0f44aa1907.jpg?v=1756980350&width=2377,https://coolplanet.lk/products/king-street-mens-casual-printed-shirt-420104772,,,Cool Planet,2025-10-13T06:23:39.544197
,Men,Shirt,"Sale price
Rs 3,650.00",,[],[],,https://coolplanet.lk/cdn/shop/files/21_91215d95-64f0-453b-b1f5-7891f4739a50.jpg?v=1756980351&width=2377,https://coolplanet.lk/products/king-street-mens-casual-printed-shirt-420104767,,,Cool Planet,2025-10-13T06:23:39.563514
,Men,Shirt,"Sale price
Rs 3,650.00",,[],[],,https://coolplanet.lk/cdn/shop/files/82_b42e2f7b-c4fa-4562-adbf-f2992df1695c.jpg?v=1756980352&width=2377,https://coolplanet.lk/products/king-street-mens-casual-printed-shirt-420104792,,,Cool Planet,2025-10-13T06:23:39.583877
,Men,Trousers,"Sale price
Rs 4,650.00",,[],[],,https://coolplanet.lk/cdn/shop/files/62_03844f5e-1e9d-4b2a-9822-10379f6063ad.jpg?v=1756980279&width=2377,https://coolplanet.lk/products/hustle-mens-cargo-pant-337076690,,,Cool Planet,2025-10-13T06:23:46.909620
,Men,Trousers,"Sale price
Rs 3,350.00",,[],[],,https://coolplanet.lk/cdn/shop/files/Untitled-1_0047_14.jpg?v=1756981462&width=1200,https://coolplanet.lk/products/hustle-mens-regular-fit-casual-pant-337072034,,,Cool Planet,2025-10-13T06:23:46.932674
,Men,Trousers,"Sale price
Rs 4,490.00",,[],[],,https://coolplanet.lk/cdn/shop/files/17_e9a19112-dbe7-4e35-ae27-7608d4b65ecf.jpg?v=1756980917&width=1200,https://coolplanet.lk/products/genz-mens-casual-pant-337073106,,,Cool Planet,2025-10-13T06:23:46.954709
,Men,Trousers,"Sale price
Rs 4,490.00",,[],[],,https://coolplanet.lk/cdn/shop/files/5_a7c06140-f481-47e5-8aa0-a4a830ef8a9c.jpg?v=1756980910&width=1200,https://coolplanet.lk/products/genz-mens-casual-pant-337073141,,,Cool Planet,2025-10-13T06:23:46.972499
,Men,Trousers,"Sale price
Rs 4,490.00",,[],[],,https://coolplanet.lk/cdn/shop/files/1_668b2f47-e56c-47d3-aa8f-d91b0806a308.jpg?v=1756980908&width=1200,https://coolplanet.lk/products/genz-mens-casual-pant-337057399,,,Cool Planet,2025-10-13T06:23:46.991615
,Men,Trousers,"Sale price
Rs 6,390.00",,[],[],,https://coolplanet.lk/cdn/shop/files/48_a444d4e6-3cd5-479a-b5a0-9ab40b21b9c2.jpg?v=1756980123&width=2377,https://coolplanet.lk/products/hustle-jersey-vibes-mens-utility-cargo-pant-337079612,,,Cool Planet,2025-10-13T06:23:47.010173
,Men,Trousers,"Sale price
Rs 6,990.00",,[],[],,https://coolplanet.lk/cdn/shop/files/17_33badc61-b980-4896-92cd-6aabde3d4af3.jpg?v=1756980151&width=2377,https://coolplanet.lk/products/hustle-mens-jersey-vibes-dual-pocket-cargo-denim-pant-337079864,,,Cool Planet,2025-10-13T06:23:47.029096
,Men,Trousers,"Sale price
Rs 4,490.00",,[],[],,https://coolplanet.lk/cdn/shop/files/25_4568b6b6-5327-4624-adb4-55c07eec43b1.jpg?v=1756980914&width=1200,https://coolplanet.lk/products/genz-mens-casual-pant-337073120,,,Cool Planet,2025-10-13T06:23:47.046691
,Men,Trousers,"Sale price
Rs 4,490.00",,[],[],,https://coolplanet.lk/cdn/shop/files/9_dbabdaea-2ad8-40df-a680-9d66fb9e4945.jpg?v=1756980918&width=1200,https://coolplanet.lk/products/genz-mens-casual-pant-337073099,,,Cool Planet,2025-10-13T06:23:47.065684
,Men,Trousers,"Sale price
Rs 4,350.00",,[],[],,https://coolplanet.lk/cdn/shop/files/53_6f8012d3-e379-4c5d-8264-3b8029cc8dd2.jpg?v=1756980287&width=2377,https://coolplanet.lk/products/hustle-mens-cargo-pant-337076710,,,Cool Planet,2025-10-13T06:23:47.084535
,Men,Trousers,"Sale price
Rs 3,250.00",,[],[],,https://coolplanet.lk/cdn/shop/files/81_b49e48cf-b046-4e49-b9dd-82a03a4d72a2.jpg?v=1756980282&width=2377,https://coolplanet.lk/products/hustle-mens-joggers-892001502,,,Cool Planet,2025-10-13T06:23:47.103148
,Men,Trousers,"Sale price
Rs 4,490.00",,[],[],,https://coolplanet.lk/cdn/shop/files/13_db2ea78d-59ac-432a-85c9-5f1811fdaa8d.jpg?v=1756980915&width=1200,https://coolplanet.lk/products/genz-mens-casual-pant-337073113,,,Cool Planet,2025-10-13T06:23:47.121263
,Men,Trousers,"Sale price
Rs 5,990.00",,[],[],,https://coolplanet.lk/cdn/shop/files/36_cb006f0c-4f1a-4126-ab33-c8c68feb6d7b.jpg?v=1756980127&width=2377,https://coolplanet.lk/products/hustle-jersey-vibes-mens-cargo-pant-337079844,,,Cool Planet,2025-10-13T06:23:47.140239
,Men,Trousers,"Sale price
Rs 4,490.00",,[],[],,https://coolplanet.lk/cdn/shop/files/29_253fa1b7-b06c-46eb-9821-ac77520d0a41.jpg?v=1756980912&width=1200,https://coolplanet.lk/products/genz-mens-casual-pant-337073127,,,Cool Planet,2025-10-13T06:23:47.159018
,Men,Trousers,"Sale price
Rs 6,990.00",,[],[],,https://coolplanet.lk/cdn/shop/files/59_9b45feb6-cebf-4ac0-9229-4e93464a8949.jpg?v=1756980121&width=2377,https://coolplanet.lk/products/hustle-nbsp-jersey-vibes-mens-denim-pant-337079604,,,Cool Planet,2025-10-13T06:23:47.178367
,Men,Trousers,"Sale price
Rs 4,490.00",,[],[],,https://coolplanet.lk/cdn/shop/files/21_14d2cb8c-543e-400b-82a3-e9fd641bf18d.jpg?v=1756980911&width=1200,https://coolplanet.lk/products/genz-mens-casual-pant-337073134,,,Cool Planet,2025-10-13T06:23:47.201543
