{
  "fashion_bug": {
    "Women": [
      {
        "text": "women' s plain skirt",
        "url": "/products/women-s-plain-skirt?variant=52603607843181"
      },
      {
        "text": "women sling tube top bra",
        "url": "/products/women-sling-tube-top-bra"
      },
      {
        "text": "womens",
        "url": "/collections/women"
      },
      {
        "text": "for women",
        "url": "/collections/for-women-sale"
      }
    ],
    "Men": [
      {
        "text": "amani ornamental printed top",
        "url": "/products/amani-ornamental-printed-top"
      },
      {
        "text": "men",
        "url": "/collections/men"
      },
      {
        "text": "jobbs mens long sleeve formal shirt",
        "url": "/products/jobbs-mens-long-sleeve-formal-shirt-10"
      },
      {
        "text": "jobbs mens long sleeve formal shirt",
        "url": "/products/jobbs-mens-long-sleeve-formal-shirt-9"
      },
      {
        "text": "for men",
        "url": "/collections/for-men-sale"
      }
    ]
  },
  "cool_planet": {
    "Women": [
      {
        "text": "women",
        "url": "/collections/womens-new-arrivals"
      },
      {
        "text": "womens",
        "url": "/collections/womens-bags"
      },
      {
        "text": "watch for women",
        "url": "/collections/women-watch"
      },
      {
        "text": "jewellery for women",
        "url": "/collections/watches-jewellery"
      },
      {
        "text": "women",
        "url": "/collections/women"
      },
      {
        "text": "andriana ladies office dress",
        "url": "/products/andriana-ladies-office-dress-157037327"
      },
      {
        "text": "andriana ladies office blouse",
        "url": "/products/andriana-ladies-office-blouse-043037081"
      },
      {
        "text": "andriana ladies office blouse",
        "url": "/products/andriana-ladies-office-blouse-043037199"
      },
      {
        "text": "andriana ladies office blouse",
        "url": "/products/andriana-ladies-office-blouse-043036971"
      },
      {
        "text": "andriana ladies office blouse",
        "url": "/products/andriana-ladies-office-blouse-043037106"
      },
      {
        "text": "andriana ladies office top",
        "url": "/products/andriana-ladies-office-top-483062656"
      },
      {
        "text": "andriana ladies office top",
        "url": "/products/andriana-ladies-office-top-483062646"
      },
      {
        "text": "andriana ladies office top",
        "url": "/products/andriana-ladies-office-top-483061130"
      },
      {
        "text": "andriana ladies office top",
        "url": "/products/andriana-ladies-office-top-483062636"
      },
      {
        "text": "andriana ladies office top",
        "url": "/products/andriana-ladies-office-top-483062062"
      },
      {
        "text": "hada ladies' casual top",
        "url": "/products/hada-ladies-casual-top-483061690"
      },
      {
        "text": "hada ladies' casual top",
        "url": "/products/hada-ladies-casual-top-483061668"
      },
      {
        "text": "hada ladies' casual kurta",
        "url": "/products/hada-ladies-casual-kurta-268012802"
      },
      {
        "text": "andriana ladies office blouse",
        "url": "/products/andriana-ladies-office-blouse-043037224"
      },
      {
        "text": "envogue ladies casual pant",
        "url": "/products/envogue-ladies-casual-pant-337081763"
      },
      {
        "text": "envogue ladies casual dress",
        "url": "/products/envogue-ladies-casual-dress-157036946"
      },
      {
        "text": "envogue ladies casual dress",
        "url": "/products/envogue-ladies-casual-dress-sku-for-blue-s-157036844"
      },
      {
        "text": "envogue ladies casual dress",
        "url": "/products/envogue-ladies-casual-dress-157037065"
      },
      {
        "text": "envogue ladies casual top",
        "url": "/products/envogue-ladies-casual-top-483061301"
      },
      {
        "text": "envogue ladies casual top",
        "url": "/products/envogue-ladies-casual-top-483061070"
      },
      {
        "text": "envogue ladies casual blouse",
        "url": "/products/envogue-ladies-casual-blouse-043036726"
      },
      {
        "text": "envogue ladies casual blouse",
        "url": "/products/envogue-ladies-casual-blouse-043036717"
      },
      {
        "text": "andriana ladies office blouse",
        "url": "/products/andriana-ladies-office-blouse-043037041"
      },
      {
        "text": "andriana ladies office blouse",
        "url": "/products/andriana-ladies-office-blouse-043037234"
      },
      {
        "text": "envogue ladies linen dress",
        "url": "/products/envogue-ladies-linen-dress-157036974"
      },
      {
        "text": "envogue ladies office shirt",
        "url": "/products/envogue-ladies-office-shirt-420109236"
      },
      {
        "text": "andriana ladies office blouse",
        "url": "/products/andriana-ladies-office-blouse-043036991"
      },
      {
        "text": "andriana ladies office blouse",
        "url": "/products/andriana-ladies-office-blouse-043037086"
      },
      {
        "text": "andriana ladies office blouse",
        "url": "/products/andriana-ladies-office-blouse-043037153"
      },
      {
        "text": "andriana ladies office blouse",
        "url": "/products/andriana-ladies-office-blouse-043037294"
      },
      {
        "text": "andriana ladies office blouse",
        "url": "/products/andriana-ladies-office-blouse-043037011"
      }
    ],
    "Men": [
      {
        "text": "men",
        "url": "/collections/mens-new-arrivals"
      },
      {
        "text": "mens",
        "url": "/collections/men-bags"
      },
      {
        "text": "watch for men",
        "url": "/collections/men-watch"
      },
      {
        "text": "men",
        "url": "/collections/men"
      },
      {
        "text": "king street men’s polo t-shirt",
        "url": "/products/kings-street-men-s-polo-t-shirt-497122107"
      },
      {
        "text": "king street men's polo t-shirt",
        "url": "/products/kingstreet-polo-t-shirt-6-497123977"
      },
      {
        "text": "king street men’s polo t-shirt",
        "url": "/products/kings-street-men-s-polo-t-shirt-497121792"
      },
      {
        "text": "king street men's polo t-shirt",
        "url": "/products/kingstreet-polo-t-shirt-5-420111829"
      },
      {
        "text": "king street men's casual linen shirt",
        "url": "/products/kingstreet-modern-muse-mens-casual-linen-shirt-497119772"
      },
      {
        "text": "king street men's casual linen shirt",
        "url": "/products/kingstreet-modern-muse-mens-casual-linen-shirt-420108310"
      },
      {
        "text": "king street men's casual linen shirt",
        "url": "/products/kingstreet-modern-muse-mens-casual-linen-shirt-420104236"
      },
      {
        "text": "king street men's casual linen shirt",
        "url": "/products/kingstreet-modern-muse-mens-casual-linen-shirt-420107758"
      },
      {
        "text": "king street men's casual linen shirt",
        "url": "/products/kingstreet-modern-muse-mens-casual-linen-shirt-420108135"
      },
      {
        "text": "king street men's casual linen shirt",
        "url": "/products/kingstreet-modern-muse-mens-casual-linen-shirt-420107147"
      },
      {
        "text": "king street men's casual linen shirt",
        "url": "/products/kings-street-men-s-casual-short-sleeve-shirt-420107211"
      },
      {
        "text": "king street men's casual linen shirt",
        "url": "/products/kingstreet-modern-muse-mens-casual-linen-shirt-420108041"
      },
      {
        "text": "hustle jersey vibes men's everyday graphic t-shirt",
        "url": "/products/hustle-jersey-vibes-mens-everyday-graphic-t-shirt-497117420"
      },
      {
        "text": "king street men’s polo t-shirt",
        "url": "/products/kings-street-men-s-polo-t-shirt-497121767"
      },
      {
        "text": "hustle jersey vibes men's denim pant",
        "url": "/products/hustle-nbsp-jersey-vibes-mens-denim-pant-337079604"
      },
      {
        "text": "hustle jersey vibes men's utility cargo pant",
        "url": "/products/hustle-jersey-vibes-mens-utility-cargo-pant-337079612"
      },
      {
        "text": "hustle jersey vibes men's relax fit printed t-shirt",
        "url": "/products/hustle-jersey-vibes-mens-relax-fit-printed-t-shirt-497116697"
      },
      {
        "text": "hustle jersey vibes men's cargo pant",
        "url": "/products/hustle-jersey-vibes-mens-cargo-pant-337079844"
      },
      {
        "text": "hustle men's jersey vibes dual pocket cargo denim pant",
        "url": "/products/hustle-mens-jersey-vibes-dual-pocket-cargo-denim-pant-337079864"
      },
      {
        "text": "hustle men's lucid cargo pant",
        "url": "/products/hustle-mens-cargo-pant-337076690"
      },
      {
        "text": "hustle men's lucid joggers pant",
        "url": "/products/hustle-mens-joggers-892001502"
      },
      {
        "text": "hustle men's lucid cargo pant",
        "url": "/products/hustle-mens-cargo-pant-337076710"
      },
      {
        "text": "king street men's polo t-shirt",
        "url": "/products/kingstreet-polo-t-shirt-42-497123937"
      },
      {
        "text": "hustle men's lucid casual t-shirt",
        "url": "/products/hustle-mens-casual-t-shirt-497117420"
      },
      {
        "text": "hustle men's lucid casual t-shirt",
        "url": "/products/hustle-mens-casual-t-shirt-497118234"
      },
      {
        "text": "hustle men's lucid casual shorts",
        "url": "/products/hustle-men-s-casual-shorts-422034899"
      },
      {
        "text": "hustle men's lucid casual t-shirt",
        "url": "/products/hustle-mens-casual-t-shirt-497117689"
      },
      {
        "text": "hustle men's lucid casual t-shirt",
        "url": "/products/mens-casual-t-shirt-497117405"
      },
      {
        "text": "king street men's casual shirt",
        "url": "/products/king-street-mens-casual-shirt-420105542"
      },
      {
        "text": "king street men's casual printed shirt",
        "url": "/products/king-street-mens-casual-printed-shirt-420105740"
      },
      {
        "text": "king street men's casual printed shirt",
        "url": "/products/king-street-mens-casual-printed-shirt-420105730"
      },
      {
        "text": "king street men's casual printed shirt",
        "url": "/products/king-street-mens-casual-printed-shirt-420105725"
      },
      {
        "text": "king street men's casual printed shirt",
        "url": "/products/king-street-mens-casual-printed-shirt-420105576"
      },
      {
        "text": "king street men's polo t-shirt",
        "url": "/products/kingstreet-polo-t-shirt-27-497124437"
      },
      {
        "text": "king street men's casual printed shirt",
        "url": "/products/king-street-mens-casual-printed-shirt-420105585"
      },
      {
        "text": "king street men's casual printed shirt",
        "url": "/products/king-street-mens-casual-printed-shirt-420105595"
      },
      {
        "text": "king street men's casual printed shirt",
        "url": "/products/king-street-mens-casual-printed-shirt-420105590"
      },
      {
        "text": "king street men's casual printed shirt",
        "url": "/products/king-street-mens-casual-printed-shirt-420105580"
      },
      {
        "text": "king street men's casual printed shirt",
        "url": "/products/king-street-mens-casual-printed-shirt-420104782"
      },
      {
        "text": "king street men's casual printed shirt",
        "url": "/products/king-street-mens-casual-printed-shirt-420104777"
      },
      {
        "text": "king street men's casual printed shirt",
        "url": "/products/king-street-mens-casual-printed-shirt-420104797"
      },
      {
        "text": "king street men's polo t-shirt",
        "url": "/products/kingstreet-polo-t-shirt-26-497123947"
      },
      {
        "text": "king street men's polo t-shirt",
        "url": "/products/kingstreet-polo-t-shirt-22-497123987"
      },
      {
        "text": "king street men's polo t shirt",
        "url": "/products/kingstreet-polo-t-shirt-21-497123992"
      },
      {
        "text": "king street men's polo t-shirt",
        "url": "/products/kingstreet-polo-t-shirt-7-497124472"
      },
      {
        "text": "hustle men's casual oversize t-shirt",
        "url": "/products/hustle-mens-casual-oversize-t-shirt-497105069"
      }
    ]
  }
}